{
  "potentials": {
    "Neural Potentials": {
      "psnr": 29.056964174997997,
      "ssim": 0.8027416304190389,
      "mae": 0.026940466795241775
    },
    "Potts Model": {
      "psnr": 28.99134015095254,
      "ssim": 0.8040391822709806,
      "mae": 0.027168835446065992
    }
  },
  "self_edges": {
    "With Self-Edges": {
      "psnr": 29.14994352117987,
      "ssim": 0.8071390957119301,
      "mae": 0.02675368306826538
    },
    "No Self-Edges": {
      "psnr": 29.13798235252857,
      "ssim": 0.8073444921892667,
      "mae": 0.026713419223345913
    }
  },
  "iterations": {
    "N_i = 1": {
      "psnr": 29.007279170983196,
      "ssim": 0.8011790757995669,
      "mae": 0.02713396177223423
    },
    "N_i = 2": {
      "psnr": 29.03431240363463,
      "ssim": 0.8047479828822225,
      "mae": 0.027011885747123817
    },
    "N_i = 4": {
      "psnr": 29.154633627904897,
      "ssim": 0.8076457817576135,
      "mae": 0.02665354271946036
    },
    "N_i = 6": {
      "psnr": 29.000135358359547,
      "ssim": 0.8001244106092225,
      "mae": 0.027195698904821482
    }
  }
}